DRC1.2,DRC2.2,Ghana,Uganda,Zambia
0,-0.42589831,-1.39461735,-0.30691198,-0.45017087
-0.42589831,0,-0.96871904,0.11898633,-0.02427256
-1.39461735,-0.96871904,0,1.08770537,0.94444648
-0.30691198,0.11898633,1.08770537,0,-0.14325889
-0.45017087,-0.02427256,0.94444648,-0.14325889,0
