DRC1.2,DRC2.2,Ghana,Uganda,Zambia
0,-0.5241031,-0.401902,-2.3166983,-0.8818654
-0.5241031,0,0.12220110000000001,-1.7925952,-0.3577622
-0.401902,0.12220110000000001,0,-1.9147963,-0.4799633
-2.3166983,-1.7925952,-1.9147963,0,1.434833
-0.8818654,-0.3577622,-0.4799633,1.434833,0
